<ImportExportXml version="9.2.25014.180" SolutionPackageVersion="9.2" languagecode="1033" generatedBy="CrmLive" xmlns:xsi="http://www.w3.org/2001/XMLSchema-instance" OrganizationVersion="9.2.25014.180" OrganizationSchemaType="Standard" CRMServerServiceabilityVersion="9.2.25014.00180">
  <SolutionManifest>
    <UniqueName>Insurance</UniqueName>
    <LocalizedNames>
      <LocalizedName description="Insurance" languagecode="1033" />
    </LocalizedNames>
    <Descriptions />
    <Version>1.0.0.0</Version>
    <Managed>0</Managed>
    <Publisher>
      <UniqueName>Aakashsharma</UniqueName>
      <LocalizedNames>
        <LocalizedName description="Aakash Sharma" languagecode="1033" />
      </LocalizedNames>
      <Descriptions />
      <EMailAddress xsi:nil="true"></EMailAddress>
      <SupportingWebsiteUrl xsi:nil="true"></SupportingWebsiteUrl>
      <CustomizationPrefix>as</CustomizationPrefix>
      <CustomizationOptionValuePrefix>12098</CustomizationOptionValuePrefix>
      <Addresses>
        <Address>
          <AddressNumber>1</AddressNumber>
          <AddressTypeCode>1</AddressTypeCode>
          <City xsi:nil="true"></City>
          <County xsi:nil="true"></County>
          <Country xsi:nil="true"></Country>
          <Fax xsi:nil="true"></Fax>
          <FreightTermsCode xsi:nil="true"></FreightTermsCode>
          <ImportSequenceNumber xsi:nil="true"></ImportSequenceNumber>
          <Latitude xsi:nil="true"></Latitude>
          <Line1 xsi:nil="true"></Line1>
          <Line2 xsi:nil="true"></Line2>
          <Line3 xsi:nil="true"></Line3>
          <Longitude xsi:nil="true"></Longitude>
          <Name xsi:nil="true"></Name>
          <PostalCode xsi:nil="true"></PostalCode>
          <PostOfficeBox xsi:nil="true"></PostOfficeBox>
          <PrimaryContactName xsi:nil="true"></PrimaryContactName>
          <ShippingMethodCode>1</ShippingMethodCode>
          <StateOrProvince xsi:nil="true"></StateOrProvince>
          <Telephone1 xsi:nil="true"></Telephone1>
          <Telephone2 xsi:nil="true"></Telephone2>
          <Telephone3 xsi:nil="true"></Telephone3>
          <TimeZoneRuleVersionNumber xsi:nil="true"></TimeZoneRuleVersionNumber>
          <UPSZone xsi:nil="true"></UPSZone>
          <UTCOffset xsi:nil="true"></UTCOffset>
          <UTCConversionTimeZoneCode xsi:nil="true"></UTCConversionTimeZoneCode>
        </Address>
        <Address>
          <AddressNumber>2</AddressNumber>
          <AddressTypeCode>1</AddressTypeCode>
          <City xsi:nil="true"></City>
          <County xsi:nil="true"></County>
          <Country xsi:nil="true"></Country>
          <Fax xsi:nil="true"></Fax>
          <FreightTermsCode xsi:nil="true"></FreightTermsCode>
          <ImportSequenceNumber xsi:nil="true"></ImportSequenceNumber>
          <Latitude xsi:nil="true"></Latitude>
          <Line1 xsi:nil="true"></Line1>
          <Line2 xsi:nil="true"></Line2>
          <Line3 xsi:nil="true"></Line3>
          <Longitude xsi:nil="true"></Longitude>
          <Name xsi:nil="true"></Name>
          <PostalCode xsi:nil="true"></PostalCode>
          <PostOfficeBox xsi:nil="true"></PostOfficeBox>
          <PrimaryContactName xsi:nil="true"></PrimaryContactName>
          <ShippingMethodCode>1</ShippingMethodCode>
          <StateOrProvince xsi:nil="true"></StateOrProvince>
          <Telephone1 xsi:nil="true"></Telephone1>
          <Telephone2 xsi:nil="true"></Telephone2>
          <Telephone3 xsi:nil="true"></Telephone3>
          <TimeZoneRuleVersionNumber xsi:nil="true"></TimeZoneRuleVersionNumber>
          <UPSZone xsi:nil="true"></UPSZone>
          <UTCOffset xsi:nil="true"></UTCOffset>
          <UTCConversionTimeZoneCode xsi:nil="true"></UTCConversionTimeZoneCode>
        </Address>
      </Addresses>
    </Publisher>
    <RootComponents>
      <RootComponent type="1" schemaName="activitypointer" behavior="2" />
      <RootComponent type="1" schemaName="as_agenttable" behavior="0" />
      <RootComponent type="1" schemaName="as_claim" behavior="0" />
      <RootComponent type="1" schemaName="as_customer" behavior="0" />
      <RootComponent type="1" schemaName="as_earning" behavior="0" />
      <RootComponent type="1" schemaName="as_insurance" behavior="0" />
      <RootComponent type="1" schemaName="as_insurancetype" behavior="0" />
      <RootComponent type="1" schemaName="as_payment" behavior="0" />
      <RootComponent type="1" schemaName="as_policy" behavior="0" />
      <RootComponent type="1" schemaName="as_quotation" behavior="0" />
      <RootComponent type="1" schemaName="as_sms" behavior="0" />
      <RootComponent type="1" schemaName="cr8a6_application" behavior="0" />
      <RootComponent type="1" schemaName="cr8a6_recruitmentprocess" behavior="0" />
      <RootComponent type="1" schemaName="cr8a6_role" behavior="0" />
      <RootComponent type="1" schemaName="systemuser" behavior="0" />
      <RootComponent type="9" schemaName="cr8a6_outcome" behavior="0" />
      <RootComponent type="29" id="{015e2428-1fda-ef11-a731-000d3aca2055}" behavior="0" />
      <RootComponent type="29" id="{249fe2a7-6fdc-ef11-a730-000d3aca2055}" behavior="0" />
      <RootComponent type="29" id="{4998e2e1-34da-ef11-a731-000d3aca2055}" behavior="0" />
      <RootComponent type="29" id="{55a88c3e-3bda-ef11-a731-000d3aca2055}" behavior="0" />
      <RootComponent type="29" id="{6f13f2c1-e0d7-ef11-a731-000d3aca2055}" behavior="0" />
      <RootComponent type="29" id="{7b36c413-7bdc-ef11-a730-000d3aca2055}" behavior="0" />
      <RootComponent type="29" id="{875886e8-a5d8-ef11-a731-000d3aca2055}" behavior="0" />
      <RootComponent type="29" id="{8c744a71-43df-ef11-a730-000d3aca2055}" behavior="0" />
      <RootComponent type="29" id="{9f761b06-91dc-ef11-a730-000d3aca2055}" behavior="0" />
      <RootComponent type="29" id="{b53cd5a7-03d3-ef11-a72e-000d3aca2055}" behavior="0" />
      <RootComponent type="29" id="{ffa0b208-79dc-ef11-a730-000d3aca2055}" behavior="0" />
      <RootComponent type="61" schemaName="as_Webres" behavior="0" />
      <RootComponent type="61" schemaName="as_webresource" behavior="0" />
      <RootComponent type="62" schemaName="as_InsuranceApp" behavior="0" />
      <RootComponent type="80" schemaName="as_InsuranceApp" behavior="0" />
    </RootComponents>
    <MissingDependencies>
      <MissingDependency>
        <Required type="1" schemaName="adx_webformsession" displayName="Multistep Form Session" solution="PowerPages_RuntimeCore (1.0.2407.1)">
          <package appName="Power Pages Core Package" version="1.0.2501.136">PowerPages_Core (1.0.2501.136)</package>
        </Required>
        <Dependent type="1" schemaName="systemuser" displayName="User" />
      </MissingDependency>
      <MissingDependency>
        <Required type="1" schemaName="appusersetting" displayName="Model-Driven App User Setting" solution="AppModule (9.2.2501.2501071)">
          <package appName="AppModule" version="9.2.2501.2501071">AppModuleSolutionAnchor (9.2.2501.2501071)</package>
        </Required>
        <Dependent type="1" schemaName="systemuser" displayName="User" />
      </MissingDependency>
      <MissingDependency>
        <Required type="1" schemaName="bot" displayName="Copilot" solution="PowerVirtualAgents (2025.1.3.16356725)">
          <package appName="CCI Bots" version="2025.1.3.16356725">msdynce_CustomerCareIntelligenceBots_Anchor (2025.1.3.16356725)</package>
        </Required>
        <Dependent type="1" schemaName="systemuser" displayName="User" />
      </MissingDependency>
      <MissingDependency>
        <Required type="1" schemaName="componentversion" displayName="Component Version" solution="msdyn_ComponentVersioning (9.1.0.196)">
          <package appName="Component Versioning Package" version="9.1.0.196">ComponentVersioning_Anchor (9.1.0.196)</package>
        </Required>
        <Dependent type="1" schemaName="systemuser" displayName="User" />
      </MissingDependency>
      <MissingDependency>
        <Required type="1" schemaName="msfp_survey" displayName="Customer Voice survey" solution="MicrosoftFormsPro (2.0.0.58)">
          <package appName="Forms Pro" version="2.0.0.58">MicrosoftFormsPro (2.0.0.58)</package>
        </Required>
        <Dependent type="1" schemaName="systemuser" displayName="User" />
      </MissingDependency>
      <MissingDependency>
        <Required type="1" schemaName="mspp_adplacement" displayName="Ad Placement" solution="PowerPages_Apps (1.0.2501.2)">
          <package appName="Power Pages Core Package" version="1.0.2501.136">PowerPages_Core (1.0.2501.136)</package>
        </Required>
        <Dependent type="1" schemaName="systemuser" displayName="User" />
      </MissingDependency>
      <MissingDependency>
        <Required type="1" schemaName="mspp_columnpermission" displayName="Column Permission" solution="PowerPages_Apps (1.0.2501.2)">
          <package appName="Power Pages Core Package" version="1.0.2501.136">PowerPages_Core (1.0.2501.136)</package>
        </Required>
        <Dependent type="1" schemaName="systemuser" displayName="User" />
      </MissingDependency>
      <MissingDependency>
        <Required type="1" schemaName="mspp_columnpermissionprofile" displayName="Column Permission Profile" solution="PowerPages_Apps (1.0.2501.2)">
          <package appName="Power Pages Core Package" version="1.0.2501.136">PowerPages_Core (1.0.2501.136)</package>
        </Required>
        <Dependent type="1" schemaName="systemuser" displayName="User" />
      </MissingDependency>
      <MissingDependency>
        <Required type="1" schemaName="mspp_contentsnippet" displayName="Content Snippet" solution="PowerPages_Apps (1.0.2501.2)">
          <package appName="Power Pages Core Package" version="1.0.2501.136">PowerPages_Core (1.0.2501.136)</package>
        </Required>
        <Dependent type="1" schemaName="systemuser" displayName="User" />
      </MissingDependency>
      <MissingDependency>
        <Required type="1" schemaName="mspp_entityform" displayName="Basic Form" solution="PowerPages_Apps (1.0.2501.2)">
          <package appName="Power Pages Core Package" version="1.0.2501.136">PowerPages_Core (1.0.2501.136)</package>
        </Required>
        <Dependent type="1" schemaName="systemuser" displayName="User" />
      </MissingDependency>
      <MissingDependency>
        <Required type="1" schemaName="mspp_entityformmetadata" displayName="Basic Form Metadata" solution="PowerPages_Apps (1.0.2501.2)">
          <package appName="Power Pages Core Package" version="1.0.2501.136">PowerPages_Core (1.0.2501.136)</package>
        </Required>
        <Dependent type="1" schemaName="systemuser" displayName="User" />
      </MissingDependency>
      <MissingDependency>
        <Required type="1" schemaName="mspp_entitylist" displayName="List" solution="PowerPages_Apps (1.0.2501.2)">
          <package appName="Power Pages Core Package" version="1.0.2501.136">PowerPages_Core (1.0.2501.136)</package>
        </Required>
        <Dependent type="1" schemaName="systemuser" displayName="User" />
      </MissingDependency>
      <MissingDependency>
        <Required type="1" schemaName="mspp_entitypermission" displayName="Table Permission" solution="PowerPages_Apps (1.0.2501.2)">
          <package appName="Power Pages Core Package" version="1.0.2501.136">PowerPages_Core (1.0.2501.136)</package>
        </Required>
        <Dependent type="1" schemaName="systemuser" displayName="User" />
      </MissingDependency>
      <MissingDependency>
        <Required type="1" schemaName="mspp_pagetemplate" displayName="Page Template" solution="PowerPages_Apps (1.0.2501.2)">
          <package appName="Power Pages Core Package" version="1.0.2501.136">PowerPages_Core (1.0.2501.136)</package>
        </Required>
        <Dependent type="1" schemaName="systemuser" displayName="User" />
      </MissingDependency>
      <MissingDependency>
        <Required type="1" schemaName="mspp_pollplacement" displayName="Poll Placement" solution="PowerPages_Apps (1.0.2501.2)">
          <package appName="Power Pages Core Package" version="1.0.2501.136">PowerPages_Core (1.0.2501.136)</package>
        </Required>
        <Dependent type="1" schemaName="systemuser" displayName="User" />
      </MissingDependency>
      <MissingDependency>
        <Required type="1" schemaName="mspp_publishingstate" displayName="Publishing State" solution="PowerPages_Apps (1.0.2501.2)">
          <package appName="Power Pages Core Package" version="1.0.2501.136">PowerPages_Core (1.0.2501.136)</package>
        </Required>
        <Dependent type="1" schemaName="systemuser" displayName="User" />
      </MissingDependency>
      <MissingDependency>
        <Required type="1" schemaName="mspp_publishingstatetransitionrule" displayName="Publishing State Transition Rule" solution="PowerPages_Apps (1.0.2501.2)">
          <package appName="Power Pages Core Package" version="1.0.2501.136">PowerPages_Core (1.0.2501.136)</package>
        </Required>
        <Dependent type="1" schemaName="systemuser" displayName="User" />
      </MissingDependency>
      <MissingDependency>
        <Required type="1" schemaName="mspp_redirect" displayName="Redirect" solution="PowerPages_Apps (1.0.2501.2)">
          <package appName="Power Pages Core Package" version="1.0.2501.136">PowerPages_Core (1.0.2501.136)</package>
        </Required>
        <Dependent type="1" schemaName="systemuser" displayName="User" />
      </MissingDependency>
      <MissingDependency>
        <Required type="1" schemaName="mspp_shortcut" displayName="Shortcut" solution="PowerPages_Apps (1.0.2501.2)">
          <package appName="Power Pages Core Package" version="1.0.2501.136">PowerPages_Core (1.0.2501.136)</package>
        </Required>
        <Dependent type="1" schemaName="systemuser" displayName="User" />
      </MissingDependency>
      <MissingDependency>
        <Required type="1" schemaName="mspp_sitemarker" displayName="Site Marker" solution="PowerPages_Apps (1.0.2501.2)">
          <package appName="Power Pages Core Package" version="1.0.2501.136">PowerPages_Core (1.0.2501.136)</package>
        </Required>
        <Dependent type="1" schemaName="systemuser" displayName="User" />
      </MissingDependency>
      <MissingDependency>
        <Required type="1" schemaName="mspp_sitesetting" displayName="Site Setting" solution="PowerPages_Apps (1.0.2501.2)">
          <package appName="Power Pages Core Package" version="1.0.2501.136">PowerPages_Core (1.0.2501.136)</package>
        </Required>
        <Dependent type="1" schemaName="systemuser" displayName="User" />
      </MissingDependency>
      <MissingDependency>
        <Required type="1" schemaName="mspp_webfile" displayName="Web File" solution="PowerPages_Apps (1.0.2501.2)">
          <package appName="Power Pages Core Package" version="1.0.2501.136">PowerPages_Core (1.0.2501.136)</package>
        </Required>
        <Dependent type="1" schemaName="systemuser" displayName="User" />
      </MissingDependency>
      <MissingDependency>
        <Required type="1" schemaName="mspp_webform" displayName="Multistep Form" solution="PowerPages_Apps (1.0.2501.2)">
          <package appName="Power Pages Core Package" version="1.0.2501.136">PowerPages_Core (1.0.2501.136)</package>
        </Required>
        <Dependent type="1" schemaName="systemuser" displayName="User" />
      </MissingDependency>
      <MissingDependency>
        <Required type="1" schemaName="mspp_webformmetadata" displayName="Multistep Form Metadata" solution="PowerPages_Apps (1.0.2501.2)">
          <package appName="Power Pages Core Package" version="1.0.2501.136">PowerPages_Core (1.0.2501.136)</package>
        </Required>
        <Dependent type="1" schemaName="systemuser" displayName="User" />
      </MissingDependency>
      <MissingDependency>
        <Required type="1" schemaName="mspp_webformstep" displayName="Form Step" solution="PowerPages_Apps (1.0.2501.2)">
          <package appName="Power Pages Core Package" version="1.0.2501.136">PowerPages_Core (1.0.2501.136)</package>
        </Required>
        <Dependent type="1" schemaName="systemuser" displayName="User" />
      </MissingDependency>
      <MissingDependency>
        <Required type="1" schemaName="mspp_weblink" displayName="Web Link" solution="PowerPages_Apps (1.0.2501.2)">
          <package appName="Power Pages Core Package" version="1.0.2501.136">PowerPages_Core (1.0.2501.136)</package>
        </Required>
        <Dependent type="1" schemaName="systemuser" displayName="User" />
      </MissingDependency>
      <MissingDependency>
        <Required type="1" schemaName="mspp_weblinkset" displayName="Web Link Set" solution="PowerPages_Apps (1.0.2501.2)">
          <package appName="Power Pages Core Package" version="1.0.2501.136">PowerPages_Core (1.0.2501.136)</package>
        </Required>
        <Dependent type="1" schemaName="systemuser" displayName="User" />
      </MissingDependency>
      <MissingDependency>
        <Required type="1" schemaName="mspp_webpage" displayName="Web Page" solution="PowerPages_Apps (1.0.2501.2)">
          <package appName="Power Pages Core Package" version="1.0.2501.136">PowerPages_Core (1.0.2501.136)</package>
        </Required>
        <Dependent type="1" schemaName="systemuser" displayName="User" />
      </MissingDependency>
      <MissingDependency>
        <Required type="1" schemaName="mspp_webpageaccesscontrolrule" displayName="Web Page Access Control Rule" solution="PowerPages_Apps (1.0.2501.2)">
          <package appName="Power Pages Core Package" version="1.0.2501.136">PowerPages_Core (1.0.2501.136)</package>
        </Required>
        <Dependent type="1" schemaName="systemuser" displayName="User" />
      </MissingDependency>
      <MissingDependency>
        <Required type="1" schemaName="mspp_webrole" displayName="Web Role" solution="PowerPages_Apps (1.0.2501.2)">
          <package appName="Power Pages Core Package" version="1.0.2501.136">PowerPages_Core (1.0.2501.136)</package>
        </Required>
        <Dependent type="1" schemaName="systemuser" displayName="User" />
      </MissingDependency>
      <MissingDependency>
        <Required type="1" schemaName="mspp_website" displayName="Website" solution="PowerPages_Apps (1.0.2501.2)">
          <package appName="Power Pages Core Package" version="1.0.2501.136">PowerPages_Core (1.0.2501.136)</package>
        </Required>
        <Dependent type="1" schemaName="systemuser" displayName="User" />
      </MissingDependency>
      <MissingDependency>
        <Required type="1" schemaName="mspp_websiteaccess" displayName="Website Access" solution="PowerPages_Apps (1.0.2501.2)">
          <package appName="Power Pages Core Package" version="1.0.2501.136">PowerPages_Core (1.0.2501.136)</package>
        </Required>
        <Dependent type="1" schemaName="systemuser" displayName="User" />
      </MissingDependency>
      <MissingDependency>
        <Required type="1" schemaName="mspp_websitelanguage" displayName="Website Language" solution="PowerPages_Apps (1.0.2501.2)">
          <package appName="Power Pages Core Package" version="1.0.2501.136">PowerPages_Core (1.0.2501.136)</package>
        </Required>
        <Dependent type="1" schemaName="systemuser" displayName="User" />
      </MissingDependency>
      <MissingDependency>
        <Required type="1" schemaName="mspp_webtemplate" displayName="Web Template" solution="PowerPages_Apps (1.0.2501.2)">
          <package appName="Power Pages Core Package" version="1.0.2501.136">PowerPages_Core (1.0.2501.136)</package>
        </Required>
        <Dependent type="1" schemaName="systemuser" displayName="User" />
      </MissingDependency>
      <MissingDependency>
        <Required type="1" schemaName="usermobileofflineprofilemembership" displayName="UserMobileOfflineProfileMembership" solution="MobileOfflineMembership (1.0.0.3)">
          <package appName="MobileOfflineExtensionApp Package" version="1.0.0.0">MobileOfflineExtensionApp_Anchor (1.0.0.0)</package>
        </Required>
        <Dependent type="1" schemaName="systemuser" displayName="User" />
      </MissingDependency>
      <MissingDependency>
        <Required type="61" schemaName="msdyn_/Images/AppModule_Default_Icon.png" displayName="msdyn_/Images/AppModule_Default_Icon.png" solution="AppModuleWebResources (2.5)">
          <package appName="AppModule Web Resources Package" version="2.5">AppModuleWebResources (2.5)</package>
        </Required>
        <Dependent type="80" schemaName="as_InsuranceApp" displayName="Insurance App" />
      </MissingDependency>
      <MissingDependency>
        <Required type="SettingDefinition" displayName="AppChannel" solution="msdyn_AppFrameworkInfraExtensions (1.0.0.12)" id.uniquename="AppChannel">
          <package appName="PowerAppsAppFramework Package" version="1.0.0.16">PowerAppsAppFramework_Anchor (1.0.0.16)</package>
        </Required>
        <Dependent type="AppSetting" displayName="parentappmoduleid.uniquename=as_InsuranceApp,settingdefinitionid.uniquename=AppChannel" id.parentappmoduleid.uniquename="as_InsuranceApp" id.settingdefinitionid.uniquename="AppChannel" />
      </MissingDependency>
    </MissingDependencies>
  </SolutionManifest>
</ImportExportXml>