<appaction uniquename="as__Mscrm.HomepageGrid.{!EntityLogicalName}.NewRecordForBPFEntity!as_InsuranceApp!activitypointer!1">
  <appmoduleid>
    <uniquename>as_InsuranceApp</uniquename>
  </appmoduleid>
  <buttonaccessibilitytext default="New">
    <label description="New" languagecode="1033" />
  </buttonaccessibilitytext>
  <buttonlabeltext default="SMS">
    <label description="SMS" languagecode="1033" />
  </buttonlabeltext>
  <buttontooltipdescription default="Create a new {EntityLogicalNameMarker} record.">
    <label description="Create a new {EntityLogicalNameMarker} record." languagecode="1033" />
  </buttontooltipdescription>
  <buttontooltiptitle default="New">
    <label description="New" languagecode="1033" />
  </buttontooltiptitle>
  <context>1</context>
  <contextentity>
    <logicalname>activitypointer</logicalname>
  </contextentity>
  <contextvalue>activitypointer</contextvalue>
  <fonticon>Article</fonticon>
  <hidden>0</hidden>
  <iscustomizable>1</iscustomizable>
  <isdisabled>0</isdisabled>
  <isgrouptitlehidden>0</isgrouptitlehidden>
  <location>1</location>
  <name>Mscrm.HomepageGrid.{!EntityLogicalName}.NewRecordForBPFEntity</name>
  <onclickeventjavascriptfunctionname>openEntityFormInInsertMode</onclickeventjavascriptfunctionname>
  <onclickeventjavascriptparameters>[]</onclickeventjavascriptparameters>
  <onclickeventjavascriptwebresourceid>
    <webresourceid>59868746-8ad9-ef11-a731-000d3aca2055</webresourceid>
  </onclickeventjavascriptwebresourceid>
  <onclickeventtype>2</onclickeventtype>
  <origin>2</origin>
  <sequence>1000200060.5000000000</sequence>
  <statecode>0</statecode>
  <statuscode>1</statuscode>
  <type>0</type>
  <visibilitytype>0</visibilitytype>
</appaction>